order_id,timestamp,action,commodity,qty_ton,price_baht_kg,counterparty,date,notes
1,2026-08-31 01:57:55,buy,ข้าวท่อน,300,10.5,โรงสีนครหลวงชัยนาท,2026-08-29,
2,2026-08-31 01:57:57,buy,รำดิบ,30,8.7,ราชสาส์นไรซ์,2026-08-31,
3,2026-08-31 01:58:00,buy,รำดิบ,30,8.8,ศิริพร,2026-08-31,
4,2026-08-31 01:58:03,buy,รำดิบ,30,8.9,นครหลวงชัยนาท,2026-08-31,
5,2026-08-31 01:58:07,buy,รำสด,30,8.7,โรงสีวิจิตรธัญญา,,นัดรับวันพรุ่งนี้ช่วงเช้า
6,2026-08-31 01:58:10,buy,ข้าวท่อน,60,10.4,โรงสีธนสมบัติหันคา,,ของพร้อมขึ้น 1 พ่วง
7,2026-08-31 01:58:10,buy,รำสด,30,8.7,โรงสีธนสมบัติหันคา,,รอนัดรับของจากทางโรงสี
8,2026-08-31 01:58:13,buy,รำดิบ,30,9.2,มังกรทอง,2026-08-31,
9,2026-08-31 07:01:21,buy,ข้าวท่อน,150,10.5,โรงสีวัจณสุรัตน์,,
10,2026-08-31 07:53:05,buy,รำ,30,8.6,ราชสาส์นไรซ์,2026-09-01,
11,2026-08-31 07:53:36,buy,รำดิบ,30,8.9,นครหลวงชัยนาท,2026-09-01,
12,2026-08-31 08:38:03,buy,ข้าวท่อน,60,10.4,โรงสีเจริญทรัพย์,,ของพร้อมขึ้น
13,2026-09-01 02:11:30,buy,ปลายข้าวรวม,60,10.4,โรงสีโชคนานานคร,,รอนัดรับของจากทางโรงสี
14,2026-09-01 02:16:10,buy,ปลายข้าว,30,9.7,โรงสีสุขนิรันดร์,,
15,2026-09-01 02:16:10,buy,ต้นปทุม,120,18.3,โรงสีสุขนิรันดร์,,
16,2026-09-01 02:29:44,sell,รำ,30,9.2,ชัยภูมิ,,
17,2026-09-01 02:33:37,buy,ข้าวท่อน,60,10.5,สำเภาทอง,,
18,2026-09-01 02:50:57,buy,รำมะลิ,90,9.1,มโนรมย์ธัญญกิจ,,
19,2026-09-01 04:31:36,buy,ท่อนดีด,30,9.9,อาภาภรณ์,,ส่งถึงโคราช
20,2026-09-01 04:52:22,buy,ข้าวท่อน,120,10.5,โรงสี ช.สิริยี่สิบไพบูลย์,,ของพร้อมขึ้น
21,2026-09-01 07:27:24,buy,รำ,60,6.8,ซีพี สุพรรณบุรี,,
22,2026-09-01 07:35:10,sell,ข้าวท่อน,500,11.4,CP PT,,
23,2026-09-01 08:25:47,buy,ท่อนติดเหลือง,25,10.55,อ้อมข้าวดีด,,รับของสุรินทร์
24,2026-09-01 10:30:34,sell,รำ,300,9.6,ไทยร่วมใจ,,
25,2026-09-01 10:30:34,sell,รำ,300,9.7,ไทยร่วมใจ,,ไทยร่วมใจโคฯ
26,2026-09-02 02:09:05,buy,ท่อนดีด,30,9.5,โรงสีโตมี,,
27,2026-09-02 02:11:21,buy,รำสด,150,8.6,โรงสีห้วยกรดธัญญกิจ,,รอนัดรับของจากทางโรงสี
28,2026-09-02 02:31:08,buy,รำสด,30,8.5,โรงสีวิจิตรธัญญา,,รำสดราคารายวัน
29,2026-09-02 04:48:40,sell,ข้าวท่อน,600,11.4,เบทาโกร ฉะเชิงเทรา,,เบทาโกร ฉะเชิงเทรา
30,2026-09-02 04:48:40,sell,ข้าวท่อน,600,11.4,เบทาโกร ปากช่อง,,เบทาโกร ปากช่อง
31,2026-09-02 07:37:27,buy,ข้าวท่อน,30,10.8,โรงสีทวีชัย ปักธงชัย,,
32,2026-09-02 07:52:00,buy,ข้าวท่อนดีดรวม,60,9.2,โรงสีเสรีรุ่งเรือง,,ของพร้อมขึ้น
33,2026-09-02 08:01:31,sell,รำ,60,9.6,CP,,SK
34,2026-09-02 08:01:31,sell,รำ,60,9.0,CP,,KR
35,2026-09-02 08:01:31,sell,รำ,90,9.0,CP,,PT
36,2026-09-02 08:16:41,buy,รำนึ่ง,90,11.0,โรงสีพงศ์ไพโรจน์ พิจิตร,,รอนัดรับจากทางโรงสี
37,2026-09-02 08:24:07,buy,รำดิบ,30,8.5,ราชสาส์นไรซ์,2026-09-03,
38,2026-09-02 08:32:02,buy,รำ,90,8.7,โรงสีพงศ์ไพโรจน์ พิจิตร,,
39,2026-09-02 09:22:28,buy,ท่อนดีด,30,10.2,อาภาภรณ์,,ส่งถึงโคราช
40,2026-09-02 10:58:13,buy,ข้าวท่อน,30,10.3,เฮียโก๋ สินสมบูรณ์,,
41,2026-09-03 01:21:21,buy,รำ,90,8.6,โรงสีเปี่ยมสิน,,
42,2026-09-03 02:01:59,buy,รำดิบ,30,8.8,นครหลวงชัยนาท,2026-09-03,
43,2026-09-03 02:04:57,buy,รำปนปลาย,30,8.0,ราชสาส์นไรซ์,,
44,2026-09-03 03:28:43,sell,รำนึ่ง,30,11.5,บจก.ไทยร่วมใจ บางไทร,2026-09-03,บจก.ไทยร่วมใจ บางไทร
45,2026-09-03 03:28:43,sell,รำนึ่ง,30,11.6,บจก.ไทยร่วมใจ โคราช,2026-09-03,บจก.ไทยร่วมใจ โคราช
46,2026-09-03 06:19:53,sell,รำ,90,9.0,CP PT,,
47,2026-09-03 08:18:05,sell,ข้าวท่อน,150,11.8,โรงสีเอกไรช์ โคราช,,รับเฉพาะของโรงสีสมหมาย ร้อยเอ็ด
48,2026-09-03 09:45:00,sell,ข้าวท่อน,360,11.3,ไทยฟูดส์กบินทร์,,
49,2026-09-03 10:35:34,buy,รำดิบ,30,8.7,นครหลวงชัยนาท,2026-09-04,
50,2026-09-03 10:56:03,sell,ข้าวท่อน,500,11.4,คาร์กิลล์มีทส์ โคราช,,
51,2026-09-03 11:05:25,buy,รำสกัด,50,8.2,ไทยร่วมใจ,,
52,2026-09-04 02:27:01,buy,รำสด,30,8.4,โรงสีเกษตรโชคชัย,,นัดรับ วันอาทิตย์ที่ 6/9/69 (2026-09-06)
53,2026-09-04 02:27:01,buy,รำสด,30,8.4,โรงสีเกษตรโชคชัย,,นัดรับ วันจันทร์ที่ 7/9/69 (2026-09-07)
54,2026-09-04 02:27:01,buy,ข้าวท่อน,60,10.4,โรงสีเกษตรโชคชัย,,รอนัดรับของจากทางโรงสี
55,2026-09-04 00:00:00,buy,ข้าวท่อน,300,10.9,โรงสีสิงโตทองไรซ์,,
56,2026-09-04 11:58:13,buy,ข้าวโพด,150,9.4,ก.พาณิชย์ ปากช่อง,,
57,2026-09-04 12:10:13,buy,รำดิบ,30,8.6,นครหลวงชัยนาท,2026-09-05,
58,2026-09-04 12:10:23,buy,รำดิบ,30,8.5,ศิริพร,2026-09-05,
59,2026-09-04 00:00:00,sell,รำดิบ,300,9.4,บจก.ไทยร่วมใจ บางไทร,,
60,2026-09-05 00:00:00,sell,ข้าวท่อน,300,11.5,พนัสโภคภัณฑ์,,
61,2026-09-05 08:50:51,buy,ข้าวโพด,300,9.3,โรงสีหนองหลวงทวีกิจ,,
62,2026-09-05 09:20:35,buy,ข้าวท่อน,90,11.0,โรงสีวัจณสุรัตน์,,
63,2026-09-06 03:31:03,buy,รำสด,150,8.4,โรงสีห้วยกรดธัญญกิจ,,รอนัดรับของจากทางโรงสี
64,2026-09-07 01:57:04,buy,ข้าวท่อน,150,11.0,ราชสาส์นไรซ์,,
65,2026-09-07 02:57:44,buy,รำ,60,8.4,โรงสีส.พงษ์เทพ,,
66,2026-09-07 02:57:54,buy,รำ,90,8.7,โรงสีพงศ์ไพโรจน์ พิจิตร,,
67,2026-09-07 04:22:33,buy,รำสกัด,150,8.0,ไทยร่วมใจ,,
68,2026-09-07 07:19:33,buy,รำมะลิ,60,8.9,มโนรมย์ธัญญกิจ,,
69,2026-09-07 10:36:10,buy,กากถั่ว,90,16.35,เฮียธงชัย พนัส,,
70,2026-09-08 01:23:10,sell,รำสด,300,9.2,ไทยร่วมใจ,,บางไทร
71,2026-09-08 01:23:10,sell,รำสด,300,9.3,ไทยร่วมใจ,,โคราช
72,2026-09-08 05:21:16,buy,รำ,300,8.9,โรงสีพูลธนา อุดรธานี,,
73,2026-09-08 08:28:28,sell,รำนึ่ง,30,11.7,บจ.ไทยร่วมใจน้ำมันพืช,2026-09-09,บางไทร-BS
74,2026-09-08 08:28:28,sell,รำนึ่ง,30,11.8,บจ.ไทยร่วมใจน้ำมันพืช,2026-09-09,โคราช
75,2026-09-08 08:33:12,buy,รำ,300,8.8,โรงสีธนสรรค์ไรซ์,,
76,2026-09-08 08:33:12,buy,รำ,150,8.6,อีสเทรินส์ไรซ์,,
77,2026-09-08 08:47:39,buy,ปลายข้าวเล็ก,60,9.7,โรงสีศรีแสงดาวเพิ่มพูน,,รอนัดรับของจากทางโรงสี
78,2026-09-09 01:26:43,buy,รำดิบ,90,8.7,มโนรมย์ธัญญกิจ,2026-09-08,
79,2026-09-09 01:28:12,buy,รำ,30,8.6,โรงสีเปี่ยมสิน,,
80,2026-09-09 06:14:14,buy,รำมะลิ,30,8.7,โรงสีสหพัฒนา,,
81,2026-09-09 08:31:59,sell,ข้าวท่อน,500,11.4,คาร์กิลล์มีทส์ สระบุรี,,
82,2026-09-09 08:33:18,sell,รำ,1000,9.2,คาร์กิลล์มีทส์ สระบุรี,,
83,2026-09-09 08:33:29,sell,รำ,1000,9.3,คาร์กิลล์มีทส์ โคราช,,
84,2026-09-09 11:27:48,sell,ข้าวท่อน,90,11.3,ไทยฟูดส์กบินทร์,,
85,2026-09-10 01:52:14,buy,รำ,90,8.7,โรงสีพงศ์ไพโรจน์ พิจิตร,,
86,2026-09-10 03:23:14,buy,ข้าวท่อน,400,11.0,โรงสียี่สิบไพบูลย์,,
87,2026-09-10 04:45:40,buy,ข้าวท่อน,150,11.0,เกรียงชัย,,
88,2026-09-10 05:05:11,buy,รำสด,150,8.7,โรงสีห้วยกรดธัญญกิจ,,
89,2026-09-10 05:09:47,buy,รำสด,30,8.6,โรงสีวิจิตรธัญญา,,
90,2026-09-10 05:12:47,buy,รำ,30,8.6,โรงสีเอ อาร์ โคราช,,
91,2026-09-10 07:52:54,sell,รำ,60,9.2,CP,,CP KR
92,2026-09-10 07:52:54,sell,รำ,120,9.2,CP,,CP PT
93,2026-09-10 09:12:54,buy,รำดิบ,30,8.7,นครหลวงชัยนาท,2026-09-11,
94,2026-09-10 09:13:33,buy,รำดิบ,90,8.9,มโนรมย์ธัญญกิจ,,
95,2026-09-10 09:34:44,buy,รำ,90,8.6,โรงสีหวังดี,,
96,2026-09-10 11:08:06,sell,รำสด,90,9.3,แสงทองอาหารสัตว์,,ส่งในนาม นางสาวประภาพรรณ หมั่นพลศรี (ติ๋ว)
97,2026-09-11 04:34:38,buy,กากถั่ว,30,16.9,เฮียธงชัย,,กระสอบ
98,2026-09-11 04:42:24,sell,รำสด,200,9.4,เบทาโกร ฉะเชิงเทรา,,
99,2026-09-11 06:50:07,sell,รำ,60,9.3,CP KK,,
100,2026-09-11 09:31:40,buy,ท่อนดีดติดเหลือง,30,10.45,อาภาภรณ์,,ส่งโคราช
101,2026-09-11 10:45:16,buy,รำนึ่ง,150,10.2,ซีพี ธัญญาบูลย์,,
102,2026-09-12 01:40:13,sell,รำสด,300,9.3,ไทยร่วมใจโคราช,,
103,2026-09-12 04:06:08,buy,ข้าวโพด,90,9.4,พูลศรีวัฒนา,,
104,2026-09-12 04:41:13,buy,ข้าวท่อน,300,11.3,โรงสีสินอุดม,,รอนัดรับของจากทางโรงสี
105,2026-09-12 07:53:50,buy,ข้าวท่อน,120,11.2,โรงสี ช.สิริยี่สิบไพบูลย์,,รับของไม่เกินวันอังคารหน้า ของพร้อมขึ้นทั้งหมด
106,2026-09-12 08:09:20,buy,รำสด,30,8.7,โรงสีกมลการเกษตร,2026-09-14,นัดรับวันจันทร์
107,2026-09-12 08:30:17,buy,ข้าวท่อน,60,11.2,โรงสีศรีกรุงลาดกระบัง,,ของพร้อมขึ้น
108,2026-09-13 16:33:25,buy,ข้าวท่อน,300,11.35,โรงสีเตียใจ้ฮง,2026-09-12,
109,2026-09-14 01:31:59,buy,ข้าวท่อน,300,11.2,ธนภัทร,,
110,2026-09-14 03:23:54,buy,ข้าวท่อน,300,11.2,โรงสีสิงโตทอง,,
